index,listing_neighbourhood,year_month,active_listings_rate,min_price_active,max_price_active,median_price_active,avg_price_active,distinct_hosts,superhost_rate,avg_review_score_active,active_listings,inactive_listings,total_stays,avg_estimated_revenue_per_active,pct_change_active_listings,pct_change_inactive_listings
0,Bayside,2020-05,100.0,0.0,2544.0,86.0,144.44292803970222,1220.0,11.721311475409836,92.05848513902205,1616.0,0.0,30899.0,2461.658415841584,,
1,Bayside,2020-06,100.0,0.0,2456.0,84.0,142.58849557522123,1201.0,11.5736885928393,92.10137795275591,1586.0,0.0,30393.0,2498.889029003783,-1.856435643564358,
2,Bayside,2020-07,100.0,0.0,2426.0,85.0,150.7960235640648,1041.0,11.719500480307397,91.87455621301775,1362.0,0.0,26195.0,2505.610866372981,-14.12358133669609,
3,Bayside,2020-08,100.0,17.0,2904.0,79.0,110.69451449275361,1051.0,11.417697431018079,92.00915331807781,1380.0,0.0,24945.0,1916.7037608695655,1.3215859030837107,
4,Bayside,2020-09,100.0,17.0,2903.71,79.0,109.02848150551588,1157.0,10.97666378565255,91.95979381443298,1541.0,0.0,28820.0,1961.9354250486695,11.66666666666667,
5,Bayside,2020-10,100.0,17.0,2904.0,78.0,108.78174487772637,1141.0,10.867659947414548,92.08718487394958,1513.0,0.0,30281.0,2103.4456113681426,-1.8170019467877996,
6,Bayside,2020-11,100.0,14.0,2904.0,78.0,112.5416384563304,1115.0,10.941704035874439,92.329360780065,1477.0,0.0,27938.0,2083.91807718348,-2.379378717779246,
7,Bayside,2020-12,100.0,15.0,2904.0,80.0,116.81609511051573,1128.0,10.549645390070921,92.12472647702407,1493.0,0.0,31826.0,2486.875351640991,1.083276912660791,
8,Bayside,2021-01,100.0,15.0,2904.0,80.0,128.83222370173104,1128.0,10.638297872340425,92.10730088495575,1502.0,0.0,31143.0,2631.8848202396803,0.602813127930335,
9,Bayside,2021-02,99.73027646662172,15.0,2904.0,80.0,124.72143340094658,1111.0,10.621062106210621,92.0299003322259,1479.0,4.0,28791.0,2421.2772143340094,-1.5312916111850816,inf
10,Bayside,2021-03,99.65541006202618,15.0,2904.0,80.0,126.84854771784232,1106.0,10.488245931283906,92.06772009029345,1446.0,5.0,29291.0,2613.850622406639,-2.2312373225152116,25.0
11,Bayside,2021-04,99.16434540389972,15.0,2904.0,80.0,120.04564606741573,1087.0,10.395584176632934,92.24885321100918,1424.0,12.0,28947.0,2492.330056179775,-1.5214384508990264,140.0
12,Blacktown,2020-05,100.0,23.0,1099.0,63.0,90.30188679245283,239.0,10.87866108786611,89.92039800995025,318.0,0.0,3628.0,1037.927672955975,,
13,Blacktown,2020-06,100.0,23.0,1099.0,62.0,90.6742671009772,234.0,11.538461538461538,90.45502645502646,307.0,0.0,3816.0,1109.097719869707,-3.459119496855345,
14,Blacktown,2020-07,100.0,23.0,2164.0,66.0,123.68634686346863,212.0,9.90566037735849,90.34567901234568,271.0,0.0,3898.0,1423.9852398523985,-11.726384364820852,
15,Blacktown,2020-08,100.0,20.0,2000.0,60.0,98.15205673758865,216.0,10.185185185185185,90.01169590643275,282.0,0.0,3318.0,1228.808085106383,4.0590405904058935,
16,Blacktown,2020-09,100.0,20.0,2000.0,60.0,95.00595155709343,220.0,10.0,90.69714285714285,289.0,0.0,3614.0,1179.457508650519,2.4822695035461084,
17,Blacktown,2020-10,100.0,18.0,2000.0,64.0,98.96544483985765,216.0,9.722222222222223,91.22485207100591,281.0,0.0,4098.0,1673.4580071174375,-2.768166089965396,
18,Blacktown,2020-11,100.0,18.0,2000.0,61.0,92.80701754385964,221.0,9.502262443438914,91.05917159763314,285.0,0.0,3409.0,1227.3649122807017,1.4234875444839812,
19,Blacktown,2020-12,99.64912280701755,22.0,2000.0,61.5,92.99295774647888,217.0,10.138248847926267,91.0,284.0,1.0,4423.0,1670.380281690141,-0.35087719298245723,inf
20,Blacktown,2021-01,100.0,22.0,2228.0,61.0,106.68070175438596,213.0,10.328638497652582,90.5965909090909,285.0,0.0,4095.0,1718.1157894736841,0.35211267605634866,-100.0
21,Blacktown,2021-02,99.63768115942028,22.0,2000.0,63.0,93.55272727272727,216.0,10.185185185185185,90.8562874251497,275.0,1.0,3299.0,1075.2872727272727,-3.508771929824561,inf
22,Blacktown,2021-03,98.16849816849816,22.0,2000.0,65.0,97.65671641791045,216.0,11.11111111111111,91.84375,268.0,5.0,3457.0,1203.7873134328358,-2.5454545454545507,400.0
23,Blacktown,2021-04,96.0,22.0,2000.0,66.0,100.21969696969697,218.0,11.46788990825688,92.01960784313725,264.0,11.0,3540.0,1264.128787878788,-1.4925373134328401,120.00000000000001
24,Burwood,2020-05,100.0,15.0,2440.0,70.0,148.54981549815497,169.0,13.017751479289942,89.48066298342542,271.0,0.0,4615.0,2000.2140221402215,,
25,Burwood,2020-06,100.0,14.0,2440.0,69.0,130.9467680608365,165.0,12.121212121212121,89.49431818181819,263.0,0.0,4224.0,2066.847908745247,-2.9520295202952074,
26,Burwood,2020-07,100.0,14.0,2711.0,70.0,151.55555555555554,149.0,12.080536912751679,89.09868421052632,234.0,0.0,3819.0,1948.440170940171,-11.026615969581755,
27,Burwood,2020-08,100.0,15.0,530.0,65.0,91.73648979591837,152.0,10.526315789473683,89.5952380952381,245.0,0.0,3757.0,1272.894775510204,4.700854700854706,
28,Burwood,2020-09,100.0,15.0,530.0,66.0,92.40425855513308,158.0,10.126582278481013,89.85792349726776,263.0,0.0,4236.0,1338.4817870722434,7.346938775510203,
29,Burwood,2020-10,100.0,15.0,530.0,65.0,90.03071698113207,163.0,11.042944785276074,89.15760869565217,265.0,0.0,4367.0,1350.0943396226414,0.7604562737642651,
30,Burwood,2020-11,100.0,15.0,530.0,69.5,91.42125984251969,153.0,11.11111111111111,89.7361963190184,254.0,0.0,3888.0,1248.6259842519685,-4.150943396226414,
31,Burwood,2020-12,100.0,16.0,530.0,70.0,100.1984126984127,151.0,11.258278145695364,89.95906432748538,252.0,0.0,4599.0,1635.718253968254,-0.7874015748031482,
32,Burwood,2021-01,100.0,16.0,530.0,70.0,98.87250996015936,149.0,11.409395973154362,89.9715909090909,251.0,0.0,4641.0,1636.167330677291,-0.3968253968253954,
33,Burwood,2021-02,100.0,16.0,530.0,70.0,95.66521739130435,145.0,11.03448275862069,90.44047619047619,230.0,0.0,3999.0,1451.7695652173913,-8.366533864541836,
34,Burwood,2021-03,100.0,16.0,530.0,70.0,96.94117647058823,143.0,11.188811188811188,90.7030303030303,221.0,0.0,4248.0,1693.4343891402716,-3.913043478260869,
35,Burwood,2021-04,100.0,16.0,530.0,72.5,100.53508771929825,151.0,11.258278145695364,90.19760479041916,228.0,0.0,4036.0,1651.6052631578948,3.167420814479649,
36,Camden,2020-05,100.0,35.0,350.0,85.0,107.63265306122449,41.0,34.146341463414636,94.36666666666666,49.0,0.0,606.0,1183.734693877551,,
37,Camden,2020-06,100.0,32.0,350.0,87.5,106.76,41.0,36.58536585365854,94.82352941176471,50.0,0.0,657.0,1462.1,2.0408163265306145,
38,Camden,2020-07,100.0,31.0,2157.0,100.0,242.70212765957447,40.0,35.0,94.9,47.0,0.0,778.0,2422.8936170212764,-6.000000000000005,
39,Camden,2020-08,100.0,35.0,400.0,95.0,112.36170212765957,41.0,39.02439024390244,95.15151515151516,47.0,0.0,695.0,1616.531914893617,0.0,
40,Camden,2020-09,100.0,35.0,400.0,92.0,110.473125,42.0,40.476190476190474,95.20588235294117,48.0,0.0,770.0,1825.7164583333333,2.127659574468077,
41,Camden,2020-10,100.0,35.0,425.0,100.0,114.38811320754716,43.0,39.53488372093023,95.11764705882354,53.0,0.0,814.0,1753.827924528302,10.416666666666675,
42,Camden,2020-11,100.0,35.0,425.0,100.0,122.67924528301887,42.0,38.095238095238095,94.88235294117646,53.0,0.0,841.0,1801.0188679245282,0.0,
43,Camden,2020-12,100.0,35.0,472.0,100.0,127.60377358490567,43.0,37.2093023255814,95.02857142857142,53.0,0.0,930.0,2250.0754716981132,0.0,
44,Camden,2021-01,100.0,35.0,448.0,100.0,127.22641509433963,43.0,34.883720930232556,94.40625,53.0,0.0,855.0,1837.0566037735848,0.0,
45,Camden,2021-02,100.0,35.0,427.0,100.0,125.71153846153847,42.0,35.714285714285715,94.39393939393939,52.0,0.0,744.0,1734.5576923076924,-1.8867924528301883,
46,Camden,2021-03,100.0,35.0,425.0,100.0,126.80392156862744,41.0,36.58536585365854,94.39393939393939,51.0,0.0,838.0,1971.0196078431372,-1.9230769230769273,
47,Camden,2021-04,100.0,35.0,425.0,94.0,109.24,40.0,37.5,94.96774193548387,50.0,0.0,922.0,1968.8,-1.9607843137254943,
48,Campbelltown,2020-05,100.0,20.0,2500.0,75.0,156.28571428571428,75.0,29.333333333333332,91.93333333333334,119.0,0.0,1850.0,1291.7310924369747,,
49,Campbelltown,2020-06,100.0,20.0,2500.0,80.0,161.72268907563026,75.0,28.000000000000004,92.28888888888889,119.0,0.0,1889.0,1887.5714285714287,0.0,
50,Campbelltown,2020-07,100.0,20.0,2500.0,82.0,245.9158878504673,69.0,28.985507246376812,92.48051948051948,107.0,0.0,1701.0,2360.1028037383176,-10.084033613445376,
51,Campbelltown,2020-08,100.0,25.0,2500.0,80.5,149.12765957446808,68.0,29.411764705882355,92.5068493150685,94.0,0.0,1173.0,1733.0425531914893,-12.149532710280376,
52,Campbelltown,2020-09,100.0,25.0,510.0,74.215,114.8643,71.0,28.169014084507044,92.46753246753246,100.0,0.0,1528.0,1246.469,6.382978723404253,
53,Campbelltown,2020-10,100.0,25.0,659.0,74.0,114.77979166666667,67.0,28.35820895522388,90.77922077922078,96.0,0.0,1683.0,1733.1125,-4.0000000000000036,
54,Campbelltown,2020-11,100.0,25.0,660.0,78.0,120.74747474747475,68.0,29.411764705882355,90.42857142857143,99.0,0.0,1599.0,1426.050505050505,3.125,
55,Campbelltown,2020-12,100.0,24.0,2243.0,83.5,174.36274509803923,69.0,26.08695652173913,89.57894736842105,102.0,0.0,1867.0,3326.5,3.0303030303030276,
56,Campbelltown,2021-01,100.0,21.0,1795.0,83.0,161.3235294117647,69.0,26.08695652173913,89.84,103.0,0.0,1977.0,3293.8349514563106,0.9803921568627416,
57,Campbelltown,2021-02,99.06542056074767,20.0,2826.0,83.0,175.56190476190477,73.0,27.397260273972602,90.2987012987013,106.0,1.0,1780.0,3396.5754716981132,2.9126213592232997,inf
58,Campbelltown,2021-03,99.06542056074767,22.0,2833.0,81.0,172.36190476190475,72.0,27.77777777777778,90.55696202531645,106.0,1.0,2097.0,3462.7169811320755,0.0,0.0
59,Campbelltown,2021-04,99.05660377358491,25.0,760.0,83.0,130.25714285714287,72.0,25.0,90.71604938271605,105.0,1.0,1930.0,2231.0,-0.9433962264150941,0.0
60,Canada Bay,2020-05,100.0,24.0,2440.0,110.0,154.16594827586206,384.0,9.635416666666668,92.89491525423729,464.0,0.0,8923.0,2836.644396551724,,
61,Canada Bay,2020-06,100.0,24.0,2440.0,109.5,154.23873873873873,372.0,9.408602150537634,92.46643109540636,444.0,0.0,8875.0,2936.1103603603606,-4.31034482758621,
62,Canada Bay,2020-07,100.0,24.0,2711.0,110.0,160.2479338842975,309.0,8.737864077669903,92.8931623931624,363.0,0.0,7312.0,3309.909090909091,-18.243243243243246,
63,Canada Bay,2020-08,100.0,25.0,1450.0,102.0,148.89397759103642,310.0,9.35483870967742,94.0,357.0,0.0,7167.0,2866.275350140056,-1.6528925619834656,
64,Canada Bay,2020-09,100.0,25.0,1450.0,100.0,145.696825,345.0,8.695652173913043,93.87649402390439,400.0,0.0,8214.0,2895.26235,12.04481792717087,
65,Canada Bay,2020-10,100.0,25.0,1100.0,100.0,141.86313131313133,343.0,8.16326530612245,93.98785425101215,396.0,0.0,8666.0,3097.5156818181817,-1.0000000000000009,
66,Canada Bay,2020-11,100.0,21.0,1100.0,100.0,141.1720430107527,322.0,8.385093167701864,93.70338983050847,372.0,0.0,7758.0,2887.440860215054,-6.060606060606055,
67,Canada Bay,2020-12,100.0,21.0,3300.0,104.0,157.1811023622047,324.0,8.641975308641975,93.13617021276596,381.0,0.0,8552.0,3385.587926509186,2.4193548387096753,
68,Canada Bay,2021-01,100.0,21.0,3586.0,100.0,155.70572916666666,327.0,8.56269113149847,93.43829787234043,384.0,0.0,8390.0,3378.1067708333335,0.7874015748031482,
69,Canada Bay,2021-02,99.73890339425587,21.0,3300.0,100.0,153.06806282722513,322.0,8.385093167701864,92.82916666666667,382.0,1.0,7995.0,3206.4476439790574,-0.520833333333337,inf
70,Canada Bay,2021-03,99.73753280839895,21.0,3300.0,100.0,154.2,321.0,8.09968847352025,92.62288135593221,380.0,1.0,8366.0,3437.5394736842104,-0.5235602094240788,0.0
71,Canada Bay,2021-04,99.46666666666667,25.0,3300.0,109.0,158.73458445040214,314.0,7.961783439490445,93.69565217391305,373.0,2.0,7795.0,3306.7265415549596,-1.8421052631578894,100.0
72,Canterbury-Bankstown,2020-05,100.0,12.0,1000.0,71.0,96.47336377473364,502.0,9.362549800796813,90.63461538461539,657.0,0.0,9625.0,1336.185692541857,,
73,Canterbury-Bankstown,2020-06,100.0,13.0,999.0,70.0,96.74,494.0,9.31174089068826,90.76470588235294,650.0,0.0,9995.0,1437.4276923076923,-1.0654490106544956,
74,Canterbury-Bankstown,2020-07,100.0,13.0,2157.0,75.0,104.77777777777777,449.0,10.022271714922049,90.96648044692738,576.0,0.0,8936.0,1448.328125,-11.384615384615381,
75,Canterbury-Bankstown,2020-08,100.0,13.0,850.0,70.0,93.40958707360862,429.0,10.023310023310025,90.59705882352941,557.0,0.0,7862.0,1225.3626391382406,-3.298611111111116,
76,Canterbury-Bankstown,2020-09,100.0,13.0,650.0,70.0,92.06618270799348,475.0,9.894736842105264,90.63563829787235,613.0,0.0,9405.0,1337.6812887438825,10.053859964093359,
77,Canterbury-Bankstown,2020-10,100.0,13.0,650.0,70.0,92.96316993464052,474.0,9.915611814345992,90.57671957671958,612.0,0.0,10499.0,1518.9714215686274,-0.16313213703099683,
78,Canterbury-Bankstown,2020-11,100.0,13.0,900.0,70.0,95.35532994923858,465.0,10.32258064516129,91.06539509536785,591.0,0.0,9154.0,1391.3536379018612,-3.4313725490196068,
79,Canterbury-Bankstown,2020-12,100.0,13.0,900.0,70.0,98.41876046901173,457.0,9.62800875273523,91.05464480874316,597.0,0.0,11261.0,1839.8793969849246,1.0152284263959421,
80,Canterbury-Bankstown,2021-01,100.0,13.0,893.0,70.0,97.53872053872054,452.0,9.513274336283185,91.09444444444445,594.0,0.0,10277.0,1658.828282828283,-0.5025125628140725,
81,Canterbury-Bankstown,2021-02,99.49664429530202,13.0,2261.0,70.0,105.57504215851603,453.0,9.492273730684326,91.11173184357541,593.0,3.0,9541.0,1705.2529510961215,-0.16835016835017313,inf
82,Canterbury-Bankstown,2021-03,99.48805460750853,13.0,1000.0,70.0,99.43396226415095,450.0,9.777777777777779,91.02535211267606,583.0,3.0,9753.0,1580.4013722126929,-1.6863406408094472,0.0
83,Canterbury-Bankstown,2021-04,98.96013864818023,13.0,851.0,70.0,96.07005253940456,448.0,9.821428571428571,91.33431952662721,571.0,6.0,9206.0,1447.059544658494,-2.0583190394511175,100.0
84,Cumberland,2020-05,100.0,15.0,2491.0,100.0,137.08777969018934,409.0,14.91442542787286,92.05747126436782,582.0,0.0,10724.0,2401.2852233676977,,
85,Cumberland,2020-06,100.0,14.0,2490.0,100.0,133.67889908256882,397.0,14.105793450881613,91.43859649122807,546.0,0.0,10058.0,2321.747252747253,-6.185567010309279,
86,Cumberland,2020-07,100.0,14.0,2711.0,92.0,143.89411764705883,318.0,14.150943396226415,91.61842105263158,426.0,0.0,7973.0,2179.239436619718,-21.978021978021978,
87,Cumberland,2020-08,100.0,15.0,2500.0,85.0,116.16096698113208,318.0,14.779874213836477,91.17105263157895,425.0,0.0,7711.0,2006.1336235294118,-0.23474178403756207,
88,Cumberland,2020-09,100.0,15.0,2500.0,85.0,116.48291404612159,360.0,14.444444444444443,91.4235294117647,479.0,0.0,9272.0,2130.9547181628395,12.705882352941167,
89,Cumberland,2020-10,100.0,15.0,2490.0,85.0,111.36231759656651,354.0,14.124293785310735,91.38972809667673,468.0,0.0,9398.0,2245.613290598291,-2.2964509394572064,
90,Cumberland,2020-11,100.0,15.0,2490.0,85.0,112.37044967880085,358.0,13.966480446927374,91.95886075949367,469.0,0.0,8783.0,2054.185501066098,0.21367521367521292,
91,Cumberland,2020-12,100.0,15.0,2490.0,93.0,118.40256959314775,359.0,12.534818941504177,90.24610591900311,469.0,0.0,9843.0,2447.5287846481874,0.0,
92,Cumberland,2021-01,100.0,15.0,2490.0,95.0,121.02164502164503,357.0,12.885154061624648,90.73270440251572,464.0,0.0,9211.0,2333.5237068965516,-1.0660980810234588,
93,Cumberland,2021-02,99.78858350951374,15.0,2490.0,98.0,121.98510638297873,359.0,13.370473537604457,90.57230769230769,472.0,1.0,8879.0,2059.637711864407,1.724137931034475,inf
94,Cumberland,2021-03,99.79253112033194,15.0,2490.0,95.0,122.258872651357,359.0,12.534818941504177,90.6920731707317,481.0,1.0,10040.0,2356.6652806652805,1.9067796610169552,0.0
95,Cumberland,2021-04,99.09909909909909,15.0,2490.0,100.0,127.75342465753425,331.0,12.990936555891238,91.48344370860927,440.0,4.0,8713.0,2245.2431818181817,-8.523908523908519,300.0
96,Fairfield,2020-05,100.0,20.0,501.0,76.0,102.35416666666667,56.0,16.071428571428573,89.63380281690141,96.0,0.0,1162.0,1127.5520833333333,,
97,Fairfield,2020-06,100.0,20.0,501.0,76.0,101.1938775510204,57.0,15.789473684210526,89.42465753424658,98.0,0.0,1355.0,1219.938775510204,2.083333333333326,
98,Fairfield,2020-07,100.0,24.0,2164.0,78.0,232.1595744680851,52.0,15.384615384615385,89.34328358208955,94.0,0.0,1266.0,1365.1489361702127,-4.081632653061229,
99,Fairfield,2020-08,100.0,20.0,840.0,78.0,90.57303370786516,53.0,15.09433962264151,89.28358208955224,89.0,0.0,1176.0,903.4831460674158,-5.319148936170215,
100,Fairfield,2020-09,100.0,20.0,840.0,78.0,94.34478260869567,54.0,14.814814814814813,89.55882352941177,92.0,0.0,1251.0,962.9030434782609,3.370786516853941,
101,Fairfield,2020-10,100.0,20.0,840.0,75.0,93.12270588235295,49.0,16.3265306122449,90.24590163934427,85.0,0.0,1349.0,1239.8824705882355,-7.608695652173914,
102,Fairfield,2020-11,100.0,20.0,840.0,69.5,92.03658536585365,52.0,17.307692307692307,92.41509433962264,82.0,0.0,1224.0,1146.7439024390244,-3.529411764705881,
103,Fairfield,2020-12,100.0,20.0,1429.0,75.0,109.17647058823529,56.0,16.071428571428573,92.20370370370371,85.0,0.0,1433.0,1778.164705882353,3.658536585365857,
104,Fairfield,2021-01,100.0,15.0,840.0,78.0,105.02409638554217,54.0,14.814814814814813,92.34545454545454,83.0,0.0,1589.0,1874.421686746988,-2.352941176470591,
105,Fairfield,2021-02,98.83720930232558,20.0,840.0,75.0,101.34117647058824,56.0,16.071428571428573,92.48214285714286,85.0,1.0,1284.0,1225.270588235294,2.4096385542168752,inf
106,Fairfield,2021-03,98.86363636363636,17.0,840.0,75.0,99.34482758620689,57.0,15.789473684210526,92.86440677966101,87.0,1.0,1444.0,1483.2298850574712,2.35294117647058,0.0
107,Fairfield,2021-04,98.9247311827957,20.0,840.0,77.5,107.8695652173913,60.0,15.0,92.26229508196721,92.0,1.0,1357.0,1319.7173913043478,5.747126436781613,0.0
108,Georges River,2020-05,100.0,0.0,3500.0,80.0,125.91826923076923,312.0,12.179487179487179,92.16603773584906,416.0,0.0,7353.0,1955.2091346153845,,
109,Georges River,2020-06,100.0,0.0,3499.0,80.0,127.32850241545894,305.0,11.80327868852459,92.50384615384615,414.0,0.0,7389.0,2109.623188405797,-0.48076923076922906,
110,Georges River,2020-07,100.0,0.0,1500.0,80.0,123.33060109289617,275.0,13.090909090909092,92.82905982905983,366.0,0.0,6553.0,2046.139344262295,-11.594202898550721,
111,Georges River,2020-08,100.0,25.0,997.0,75.0,104.26202247191011,272.0,13.602941176470587,92.73873873873873,356.0,0.0,6207.0,1689.7941011235953,-2.732240437158473,
112,Georges River,2020-09,100.0,21.0,1250.0,70.0,104.73883054892602,298.0,12.416107382550337,92.8,419.0,0.0,7853.0,1838.2491646778044,17.69662921348314,
113,Georges River,2020-10,100.0,21.0,1302.0,70.0,108.61342168674699,295.0,12.54237288135593,92.953125,415.0,0.0,8299.0,2142.4162168674698,-0.9546539379474916,
114,Georges River,2020-11,100.0,21.0,1564.0,70.0,107.48687350835323,302.0,13.245033112582782,92.40839694656489,419.0,0.0,7794.0,1984.0668257756563,0.9638554216867545,
115,Georges River,2020-12,100.0,21.0,1850.0,73.0,113.58897243107769,294.0,12.925170068027212,92.34274193548387,399.0,0.0,8462.0,2333.997493734336,-4.77326968973747,
116,Georges River,2021-01,100.0,21.0,1807.0,70.0,111.68010075566751,291.0,12.027491408934708,91.516,397.0,0.0,8192.0,2137.277078085642,-0.5012531328320802,
117,Georges River,2021-02,99.74619289340102,21.0,1750.0,70.0,108.81933842239185,289.0,12.110726643598616,91.51417004048584,393.0,1.0,7445.0,1876.9185750636132,-1.0075566750629705,inf
118,Georges River,2021-03,99.74358974358975,21.0,1750.0,70.0,109.08483290488432,291.0,11.683848797250858,92.14522821576763,389.0,1.0,7651.0,1943.4370179948587,-1.0178117048346036,0.0
119,Georges River,2021-04,98.14323607427056,21.0,1750.0,70.0,113.24864864864865,284.0,10.915492957746478,92.29910714285714,370.0,7.0,6967.0,1841.9324324324325,-4.884318766066842,600.0
120,Hornsby,2020-05,100.0,20.0,5000.0,91.0,152.13763440860214,338.0,25.7396449704142,93.49019607843137,465.0,0.0,7581.0,2004.3505376344085,,
121,Hornsby,2020-06,100.0,20.0,4999.0,87.5,149.54166666666666,325.0,26.153846153846157,93.59604519774011,456.0,0.0,7987.0,2320.1184210526317,-1.9354838709677469,
122,Hornsby,2020-07,100.0,20.0,5000.0,90.0,181.39429928741092,299.0,29.09698996655518,93.25,421.0,0.0,7161.0,2429.7624703087886,-7.675438596491224,
123,Hornsby,2020-08,100.0,20.0,5000.0,85.0,155.32309582309583,296.0,29.39189189189189,93.43809523809524,407.0,0.0,6666.0,2310.9758476658476,-3.32541567695962,
124,Hornsby,2020-09,100.0,20.0,5000.0,85.0,155.722,316.0,28.164556962025316,93.59766763848397,445.0,0.0,7979.0,2732.321325842697,9.336609336609335,
125,Hornsby,2020-10,100.0,20.0,1466.0,89.0,145.6325352112676,309.0,28.478964401294498,93.6,426.0,0.0,8140.0,2810.8853755868545,-4.269662921348316,
126,Hornsby,2020-11,100.0,20.0,1466.0,89.0,151.53381642512076,305.0,29.18032786885246,93.63924050632912,414.0,0.0,7159.0,2774.289855072464,-2.8169014084507005,
127,Hornsby,2020-12,99.77064220183486,20.0,1466.0,94.0,165.64367816091954,322.0,27.639751552795033,93.9121212121212,435.0,1.0,8745.0,3564.937931034483,5.072463768115942,inf
128,Hornsby,2021-01,100.0,20.0,1466.0,94.0,165.06279069767442,321.0,28.34890965732087,93.8785046728972,430.0,0.0,8368.0,3242.020930232558,-1.1494252873563204,-100.0
129,Hornsby,2021-02,99.52941176470588,20.0,1466.0,95.0,162.33096926713947,319.0,28.213166144200624,93.90965732087227,423.0,2.0,7269.0,2812.2340425531916,-1.6279069767441867,inf
130,Hornsby,2021-03,99.52380952380952,20.0,1466.0,90.0,160.5622009569378,316.0,28.164556962025316,93.328125,418.0,2.0,7499.0,2900.2296650717703,-1.1820330969267157,0.0
131,Hornsby,2021-04,98.58156028368793,20.0,1466.0,95.0,168.01438848920864,322.0,26.70807453416149,93.61904761904762,417.0,6.0,7196.0,2761.191846522782,-0.23923444976076125,200.0
132,Hunters Hill,2020-05,100.0,35.0,2440.0,183.0,325.5740740740741,54.0,5.555555555555555,94.97222222222223,54.0,0.0,1091.0,7110.240740740741,,
133,Hunters Hill,2020-06,100.0,35.0,2440.0,180.0,321.8545454545455,55.0,5.454545454545454,94.91891891891892,55.0,0.0,1075.0,6206.981818181818,1.85185185185186,
134,Hunters Hill,2020-07,100.0,36.0,2711.0,152.0,328.1304347826087,46.0,6.521739130434782,95.51515151515152,46.0,0.0,885.0,6844.45652173913,-16.36363636363637,
135,Hunters Hill,2020-08,100.0,30.0,1100.0,155.0,252.95555555555555,45.0,6.666666666666667,95.24242424242425,45.0,0.0,887.0,5180.444444444444,-2.1739130434782594,
136,Hunters Hill,2020-09,100.0,30.0,1100.0,170.0,258.41720000000004,50.0,6.0,95.38235294117646,50.0,0.0,1005.0,5519.6832,11.111111111111116,
137,Hunters Hill,2020-10,100.0,30.0,1100.0,190.0,269.5098039215686,51.0,7.8431372549019605,95.45454545454545,51.0,0.0,1044.0,5783.392156862745,2.0000000000000018,
138,Hunters Hill,2020-11,100.0,30.0,1000.0,167.5,240.58,50.0,8.0,95.38235294117646,50.0,0.0,946.0,4390.52,-1.9607843137254943,
139,Hunters Hill,2020-12,100.0,30.0,1000.0,164.0,273.03921568627453,50.0,10.0,95.16129032258064,51.0,0.0,1169.0,6019.137254901961,2.0000000000000018,
140,Hunters Hill,2021-01,100.0,30.0,1200.0,195.0,310.90384615384613,50.0,8.0,95.28125,52.0,0.0,1168.0,6406.615384615385,1.9607843137254832,
141,Hunters Hill,2021-02,100.0,30.0,1500.0,155.0,321.7647058823529,49.0,8.16326530612245,94.625,51.0,0.0,1028.0,6134.196078431372,-1.9230769230769273,
142,Hunters Hill,2021-03,100.0,30.0,1500.0,190.0,345.54901960784315,49.0,8.16326530612245,94.61290322580645,51.0,0.0,1012.0,5607.980392156863,0.0,
143,Hunters Hill,2021-04,100.0,30.0,1500.0,160.5,339.24074074074076,51.0,9.803921568627452,94.88235294117646,54.0,0.0,986.0,5346.425925925926,5.882352941176472,
144,Inner West,2020-05,100.0,15.0,4000.0,106.0,179.79434657927078,2010.0,13.184079601990051,93.43704121964991,2443.0,0.0,54280.0,3732.1563651248466,,
145,Inner West,2020-06,100.0,14.0,4000.0,100.0,180.89225031081642,1971.0,12.633181126331811,93.41680960548885,2415.0,0.0,53850.0,3823.27867494824,-1.1461318051575908,
146,Inner West,2020-07,100.0,14.0,3999.0,101.0,188.5935935935936,1675.0,13.850746268656716,93.44784422809458,2000.0,0.0,44122.0,3848.563,-17.18426501035196,
147,Inner West,2020-08,100.0,17.0,5000.0,99.0,155.6333251953125,1700.0,13.411764705882353,93.50237288135594,2049.0,0.0,43961.0,3117.6411664226453,2.4499999999999966,
148,Inner West,2020-09,100.0,17.0,5000.0,100.0,154.1234812880766,1901.0,12.414518674381904,93.48656898656898,2299.0,0.0,50932.0,3241.5154327968685,12.20107369448511,
149,Inner West,2020-10,100.0,16.0,5000.0,100.0,152.16647032772366,1878.0,12.40681576144835,93.57721046077211,2260.0,0.0,52388.0,3470.676296460177,-1.6963897346672474,
150,Inner West,2020-11,100.0,17.0,5000.0,100.0,149.70168439716312,1874.0,11.953041622198505,93.53535353535354,2258.0,0.0,50866.0,3323.6364038972542,-0.08849557522123686,
151,Inner West,2020-12,100.0,17.0,4000.0,100.0,153.01347708894878,1866.0,12.004287245444802,93.56028368794327,2229.0,0.0,53946.0,3588.0865859129653,-1.2843224092116912,
152,Inner West,2021-01,99.9546485260771,17.0,5000.0,100.0,153.77293369663943,1838.0,11.969532100108813,93.52207792207793,2204.0,1.0,53109.0,3621.5263157894738,-1.121579183490351,inf
153,Inner West,2021-02,100.0,17.0,5000.0,100.0,152.87757909215955,1828.0,11.87089715536105,93.48685939553219,2183.0,0.0,50948.0,3409.686669720568,-0.9528130671506374,-100.0
154,Inner West,2021-03,100.0,17.0,5000.0,100.0,153.71660482374767,1805.0,11.800554016620499,93.47238855622089,2158.0,0.0,51402.0,3488.8614457831327,-1.1452130096197943,
155,Inner West,2021-04,99.48186528497409,17.0,5000.0,100.0,155.46018957345973,1761.0,12.095400340715502,93.22788203753352,2112.0,11.0,51027.0,3599.5866477272725,-2.131603336422616,inf
156,Lane Cove,2020-05,100.0,35.0,3000.0,110.0,239.0727848101266,249.0,8.835341365461847,92.09722222222223,316.0,0.0,5475.0,4419.930379746836,,
157,Lane Cove,2020-06,100.0,34.0,3000.0,110.0,230.9102564102564,244.0,9.426229508196721,92.06103286384976,312.0,0.0,5682.0,4369.365384615385,-1.2658227848101222,
158,Lane Cove,2020-07,100.0,34.0,3000.0,119.5,270.7887323943662,209.0,10.526315789473683,91.90555555555555,284.0,0.0,4807.0,4176.528169014085,-8.974358974358976,
159,Lane Cove,2020-08,100.0,32.0,2073.0,105.0,207.92363636363638,203.0,10.83743842364532,92.13068181818181,275.0,0.0,4697.0,3887.917090909091,-3.169014084507038,
160,Lane Cove,2020-09,100.0,25.0,2069.0,102.0,208.14281456953643,229.0,10.043668122270741,92.25247524752476,302.0,0.0,5556.0,4123.196357615893,9.818181818181815,
161,Lane Cove,2020-10,100.0,25.0,2078.0,104.5,203.35288079470197,227.0,10.13215859030837,92.38308457711443,302.0,0.0,5934.0,4186.055761589403,0.0,
162,Lane Cove,2020-11,100.0,25.0,2750.0,108.5,214.6081081081081,227.0,10.572687224669604,92.06153846153846,296.0,0.0,5493.0,4290.675675675676,-1.9867549668874163,
163,Lane Cove,2020-12,100.0,25.0,2750.0,110.0,216.79037800687286,221.0,10.407239819004525,91.7989417989418,291.0,0.0,5909.0,4917.360824742268,-1.6891891891891886,
164,Lane Cove,2021-01,100.0,25.0,2200.0,110.0,213.45328719723184,218.0,9.63302752293578,91.59042553191489,289.0,0.0,5778.0,4491.36678200692,-0.6872852233676952,
165,Lane Cove,2021-02,100.0,25.0,2200.0,108.5,215.00352112676057,217.0,9.67741935483871,91.67567567567568,284.0,0.0,5291.0,4462.401408450704,-1.730103806228378,
166,Lane Cove,2021-03,100.0,25.0,2000.0,107.0,205.74822695035462,215.0,9.767441860465116,91.10810810810811,282.0,0.0,5416.0,4613.223404255319,-0.7042253521126751,
167,Lane Cove,2021-04,99.63369963369964,25.0,2000.0,108.5,203.80514705882354,207.0,9.178743961352657,91.35675675675675,272.0,1.0,5582.0,4823.452205882353,-3.546099290780147,inf
168,Liverpool,2020-05,100.0,15.0,586.0,99.0,125.46753246753246,113.0,15.04424778761062,91.22641509433963,154.0,0.0,2243.0,1766.3376623376623,,
169,Liverpool,2020-06,100.0,14.0,550.0,90.0,119.54054054054055,112.0,14.285714285714285,91.84466019417475,148.0,0.0,2263.0,1660.222972972973,-3.8961038961038974,
170,Liverpool,2020-07,100.0,16.0,2164.0,95.5,295.67391304347825,95.0,12.631578947368421,91.8314606741573,138.0,0.0,1941.0,2901.5,-6.756756756756754,
171,Liverpool,2020-08,100.0,29.0,530.0,85.0,113.97202797202797,106.0,14.150943396226415,92.5360824742268,143.0,0.0,1764.0,1288.4335664335665,3.6231884057970953,
172,Liverpool,2020-09,100.0,24.0,522.0,85.0,115.79856115107914,103.0,14.563106796116504,92.51724137931035,139.0,0.0,1896.0,1393.2589928057555,-2.7972027972028024,
173,Liverpool,2020-10,100.0,24.0,529.71,85.0,116.18438461538463,105.0,15.238095238095239,92.56976744186046,131.0,0.0,2105.0,1646.94,-5.755395683453235,
174,Liverpool,2020-11,100.0,24.0,532.0,81.0,109.03053435114504,108.0,16.666666666666664,93.14772727272727,132.0,0.0,2084.0,1624.090909090909,0.7633587786259444,
175,Liverpool,2020-12,100.0,24.0,503.0,90.0,114.18045112781955,106.0,16.037735849056602,93.59770114942529,133.0,0.0,2331.0,2032.9022556390978,0.7575757575757569,
176,Liverpool,2021-01,100.0,24.0,750.0,91.0,116.65957446808511,107.0,14.953271028037381,93.68131868131869,141.0,0.0,2082.0,1622.77304964539,6.015037593984962,
177,Liverpool,2021-02,100.0,24.0,750.0,95.0,121.3623188405797,106.0,15.09433962264151,94.08695652173913,138.0,0.0,1940.0,1598.963768115942,-2.127659574468088,
178,Liverpool,2021-03,100.0,24.0,750.0,90.0,124.33088235294117,104.0,14.423076923076922,93.6086956521739,136.0,0.0,2183.0,1935.2205882352941,-1.449275362318836,
179,Liverpool,2021-04,100.0,24.0,750.0,100.0,126.48360655737704,94.0,11.702127659574469,92.54761904761905,122.0,0.0,2112.0,2127.5409836065573,-10.29411764705882,
180,Mosman,2020-05,100.0,31.0,4201.0,198.0,405.8320158102767,370.0,11.891891891891893,94.80118694362018,510.0,0.0,10787.0,7664.696078431372,,
181,Mosman,2020-06,100.0,30.0,4200.0,198.5,407.2608695652174,368.0,11.41304347826087,94.76047904191617,509.0,0.0,10708.0,7324.9390962671905,-0.19607843137254832,
182,Mosman,2020-07,100.0,30.0,4200.0,200.0,422.49528301886795,304.0,11.842105263157894,94.77935943060498,426.0,0.0,8892.0,8190.903755868545,-16.30648330058939,
183,Mosman,2020-08,100.0,30.0,5000.0,200.0,397.91999999999996,305.0,10.819672131147541,94.90277777777777,439.0,0.0,8890.0,7523.833849658315,3.0516431924882736,
184,Mosman,2020-09,100.0,30.0,5000.0,200.0,402.1296421471173,349.0,10.028653295128938,94.86163522012579,504.0,0.0,10636.0,7811.740674603174,14.806378132118446,
185,Mosman,2020-10,100.0,30.0,4000.0,215.0,413.25673469387755,338.0,9.171597633136095,94.5794701986755,490.0,0.0,11274.0,9024.526102040816,-2.777777777777779,
186,Mosman,2020-11,100.0,30.0,4000.0,213.5,410.24058577405856,332.0,10.240963855421686,94.421768707483,478.0,0.0,10879.0,8804.71129707113,-2.4489795918367308,
187,Mosman,2020-12,100.0,30.0,4500.0,250.0,497.995841995842,333.0,10.81081081081081,94.40138408304499,482.0,0.0,11595.0,10958.408713692947,0.8368200836819994,
188,Mosman,2021-01,100.0,30.0,4243.0,230.0,458.3492723492723,335.0,10.746268656716417,94.46598639455782,482.0,0.0,11191.0,9975.321576763485,0.0,
189,Mosman,2021-02,100.0,30.0,4000.0,237.0,432.65833333333336,333.0,10.81081081081081,94.46575342465754,480.0,0.0,10938.0,9214.1375,-0.4149377593360981,
190,Mosman,2021-03,99.78813559322035,30.0,4000.0,233.0,435.19532908704883,331.0,10.876132930513595,94.1118881118881,471.0,1.0,11071.0,9798.123142250532,-1.8750000000000044,inf
191,Mosman,2021-04,99.34924078091106,30.0,4000.0,237.0,440.1375545851528,322.0,10.869565217391305,94.12676056338029,458.0,3.0,11096.0,9947.024017467249,-2.7600849256900206,200.0
192,North Sydney,2020-05,100.0,21.0,2544.0,139.0,214.0837657524092,1036.0,13.610038610038611,93.92356020942408,1350.0,0.0,26949.0,3852.5066666666667,,
193,North Sydney,2020-06,100.0,21.0,3150.0,140.0,215.0710545998504,1028.0,13.618677042801556,93.84867724867725,1337.0,0.0,27417.0,3959.500373971578,-0.9629629629629655,
194,North Sydney,2020-07,100.0,19.0,3150.0,135.0,220.9009009009009,853.0,14.302461899179367,93.81630012936611,1110.0,0.0,22485.0,4022.6297297297297,-16.978309648466716,
195,North Sydney,2020-08,100.0,26.0,4990.0,128.0,190.39084775086505,873.0,13.058419243986256,93.93325092707046,1157.0,0.0,22492.0,3409.1648487467587,4.234234234234235,
196,North Sydney,2020-09,100.0,26.0,4990.0,128.5,189.77228549141967,979.0,11.95097037793667,94.11995515695067,1283.0,0.0,26828.0,3659.462244738894,10.890233362143476,
197,North Sydney,2020-10,100.0,26.0,4990.0,130.0,197.03397772474145,961.0,12.382934443288242,94.21882086167801,1258.0,0.0,27606.0,3983.1187599364066,-1.9485580670303926,
198,North Sydney,2020-11,100.0,26.0,2000.0,130.0,189.87047939444912,916.0,11.899563318777293,94.2624703087886,1190.0,0.0,25845.0,3844.334453781513,-5.405405405405405,
199,North Sydney,2020-12,100.0,26.0,2071.0,135.0,201.77435470441299,933.0,12.111468381564846,94.41197604790419,1202.0,0.0,27934.0,4380.65224625624,1.0084033613445342,
200,North Sydney,2021-01,100.0,26.0,2286.0,130.0,199.41220735785953,921.0,12.052117263843648,94.37290167865707,1197.0,0.0,27135.0,4252.548036758563,-0.4159733777038266,
201,North Sydney,2021-02,99.91582491582491,26.0,2000.0,130.0,195.98060708263068,916.0,12.008733624454148,94.42321644498186,1187.0,1.0,25938.0,3953.6411120471776,-0.835421888053467,inf
202,North Sydney,2021-03,99.9151103565365,26.0,2000.0,130.0,196.96938775510205,910.0,11.868131868131867,94.36463414634146,1177.0,1.0,26527.0,4149.627867459643,-0.8424599831508006,0.0
203,North Sydney,2021-04,99.83108108108108,26.0,4990.0,135.0,199.2066045723963,898.0,12.138084632516703,94.2953995157385,1182.0,2.0,27185.0,4063.4695431472082,0.4248088360237823,100.0
204,Northern Beaches,2020-05,100.0,12.0,5000.0,200.0,342.1664680174811,4152.0,14.860308285163775,95.15237278444826,5040.0,0.0,107647.0,6698.078373015873,,
205,Northern Beaches,2020-06,100.0,13.0,4999.0,200.0,342.349989965884,4113.0,14.87964989059081,95.13960196134987,4989.0,0.0,106527.0,6756.093004610142,-1.0119047619047583,
206,Northern Beaches,2020-07,100.0,1.0,5000.0,198.0,346.46657477601656,3594.0,15.692821368948248,95.12298585991451,4359.0,0.0,92292.0,6676.850653819683,-12.627781118460613,
207,Northern Beaches,2020-08,100.0,15.0,3800.0,190.0,325.9148911824097,3651.0,15.694330320460148,95.08322663252241,4461.0,0.0,91553.0,6200.1565097511775,2.33998623537508,
208,Northern Beaches,2020-09,100.0,15.0,3743.0,190.0,325.7798842975207,3985.0,14.604767879548305,95.01108780341625,4843.0,0.0,107346.0,6983.571823250052,8.563102443398352,
209,Northern Beaches,2020-10,100.0,15.0,4900.0,195.0,342.8944158291457,3909.0,14.760808390892812,95.10342735820443,4778.0,0.0,111408.0,7660.80429886982,-1.3421432996076788,
210,Northern Beaches,2020-11,100.0,20.0,4761.0,200.0,349.9531611006091,3896.0,14.604722792607802,95.05399568034558,4763.0,0.0,109564.0,7809.275456644972,-0.31393888656341407,
211,Northern Beaches,2020-12,99.95910856675526,20.0,4504.0,214.0,392.61788784281623,3987.0,14.522197140707299,95.11633663366337,4889.0,2.0,122167.0,9454.811617917774,2.6453915599412126,inf
212,Northern Beaches,2021-01,99.9793559042114,20.0,4500.0,205.0,390.4457532548047,3931.0,14.423810735181888,95.11647461849891,4843.0,1.0,111684.0,8453.509188519512,-0.9408877070975707,-50.0
213,Northern Beaches,2021-02,99.95839400873726,20.0,4401.0,200.0,366.9773058505101,3920.0,14.081632653061224,95.13788780946412,4805.0,2.0,106619.0,7671.568158168574,-0.7846376213091033,100.0
214,Northern Beaches,2021-03,99.95806248689453,20.0,4375.0,200.0,366.05351521511017,3890.0,13.933161953727508,95.10425196850393,4767.0,2.0,107635.0,7732.726033144535,-0.7908428720083238,0.0
215,Northern Beaches,2021-04,99.68166383701188,20.0,4463.0,200.0,373.69550394204134,3841.0,13.77245508982036,95.17867343700412,4697.0,15.0,105926.0,7793.55162869917,-1.468428781204112,650.0
216,Parramatta,2020-05,100.0,14.0,3000.0,87.0,166.87438016528927,427.0,12.88056206088993,90.67391304347827,605.0,0.0,9265.0,2362.502479338843,,
217,Parramatta,2020-06,100.0,14.0,3000.0,85.0,168.12392426850258,415.0,12.771084337349398,90.47175141242938,581.0,0.0,9353.0,1983.4096385542168,-3.966942148760333,
218,Parramatta,2020-07,100.0,14.0,3000.0,88.0,212.0907297830375,361.0,14.681440443213297,89.96129032258065,507.0,0.0,8257.0,1998.033530571992,-12.73666092943201,
219,Parramatta,2020-08,100.0,20.0,3000.0,80.0,113.75171314741036,369.0,13.821138211382115,89.86305732484077,502.0,0.0,8115.0,1695.1738247011951,-0.9861932938856066,
220,Parramatta,2020-09,100.0,20.0,3000.0,80.0,111.01680890538033,395.0,13.41772151898734,90.08630952380952,539.0,0.0,9111.0,1702.3240630797773,7.370517928286846,
221,Parramatta,2020-10,100.0,20.0,3000.0,80.0,105.70957169459963,394.0,12.436548223350254,90.14893617021276,537.0,0.0,9850.0,1655.961620111732,-0.37105751391465214,
222,Parramatta,2020-11,100.0,20.0,3000.0,80.0,107.39664804469274,395.0,12.40506329113924,90.47852760736197,537.0,0.0,9003.0,1517.8212290502793,0.0,
223,Parramatta,2020-12,100.0,20.0,3000.0,80.0,110.26335877862596,400.0,12.75,90.675,524.0,0.0,10554.0,1997.3396946564885,-2.420856610800748,
224,Parramatta,2021-01,100.0,20.0,3000.0,78.0,110.06654343807763,403.0,12.655086848635236,90.06153846153846,541.0,0.0,10490.0,2018.9944547134935,3.244274809160297,
225,Parramatta,2021-02,99.62756052141528,20.0,3000.0,79.0,107.62990654205608,400.0,12.75,89.81733746130031,535.0,2.0,9174.0,1615.3084112149534,-1.1090573012939031,inf
226,Parramatta,2021-03,99.42418426103646,20.0,3000.0,80.0,108.36486486486487,393.0,12.72264631043257,90.06603773584905,518.0,3.0,9347.0,1683.565637065637,-3.1775700934579487,50.0
227,Parramatta,2021-04,98.64077669902913,20.0,3000.0,79.0,112.21850393700787,398.0,12.814070351758794,90.33226837060703,508.0,7.0,9108.0,1713.966535433071,-1.9305019305019266,133.33333333333334
228,Penrith,2020-05,100.0,25.0,1500.0,111.5,145.2865168539326,116.0,31.896551724137932,95.57352941176471,178.0,0.0,2302.0,1364.443820224719,,
229,Penrith,2020-06,100.0,25.0,1500.0,110.5,148.7093023255814,113.0,30.973451327433626,95.72307692307692,172.0,0.0,2272.0,1444.5581395348838,-3.3707865168539297,
230,Penrith,2020-07,100.0,34.0,2164.0,105.0,183.4367088607595,102.0,27.450980392156865,95.23008849557522,158.0,0.0,1917.0,1479.3481012658228,-8.139534883720934,
231,Penrith,2020-08,100.0,24.0,1500.0,100.0,152.67948717948718,105.0,32.38095238095238,95.55932203389831,156.0,0.0,1824.0,1489.0414743589743,-1.2658227848101222,
232,Penrith,2020-09,100.0,24.0,2399.0,100.0,189.36526946107784,113.0,30.973451327433626,95.42148760330579,167.0,0.0,2343.0,2162.141976047904,7.051282051282048,
233,Penrith,2020-10,100.0,24.0,2084.0,100.0,179.97672955974843,106.0,31.132075471698112,95.30701754385964,159.0,0.0,2675.0,3256.933899371069,-4.790419161676651,
234,Penrith,2020-11,100.0,24.0,2329.0,100.0,177.3548387096774,104.0,30.76923076923077,95.34862385321101,155.0,0.0,2247.0,3107.916129032258,-2.515723270440251,
235,Penrith,2020-12,100.0,24.0,2172.0,114.0,183.29192546583852,108.0,28.703703703703702,95.48598130841121,161.0,0.0,2795.0,3609.4534161490683,3.8709677419354938,
236,Penrith,2021-01,100.0,24.0,1795.0,119.0,177.4792899408284,110.0,28.18181818181818,95.51327433628319,169.0,0.0,2270.0,2793.319526627219,4.968944099378891,
237,Penrith,2021-02,99.39393939393939,24.0,1832.0,120.0,182.4939024390244,106.0,29.245283018867923,95.57798165137615,164.0,1.0,2371.0,3223.5304878048782,-2.9585798816568087,inf
238,Penrith,2021-03,99.39024390243902,24.0,2295.0,120.0,207.11656441717793,107.0,28.971962616822427,94.6788990825688,163.0,1.0,2494.0,3524.1042944785277,-0.6097560975609762,0.0
239,Penrith,2021-04,98.80952380952381,24.0,2180.0,120.0,173.92168674698794,113.0,29.20353982300885,94.73451327433628,166.0,2.0,2527.0,2719.843373493976,1.8404907975460016,100.0
240,Randwick,2020-05,100.0,5.0,3901.0,119.0,187.70469798657717,2606.0,8.096699923254029,92.47005703422053,3283.0,0.0,75640.0,4155.566859579652,,
241,Randwick,2020-06,100.0,4.0,3900.0,119.0,186.04434250764527,2597.0,8.16326530612245,92.313986679353,3275.0,0.0,75066.0,4113.680916030535,-0.24367956137678615,
242,Randwick,2020-07,100.0,4.0,3900.0,119.0,197.43786549707602,2203.0,8.397639582387653,92.24141876430205,2741.0,0.0,62304.0,4236.010944910617,-16.305343511450378,
243,Randwick,2020-08,100.0,11.0,5000.0,110.0,179.79080385852092,2231.0,8.516360376512774,92.37322745320476,2802.0,0.0,61496.0,3789.0870628122766,2.225465158701212,
244,Randwick,2020-09,100.0,14.0,3900.0,106.0,180.57499681528662,2507.0,7.578779417630634,92.33503314635391,3144.0,0.0,72627.0,4007.4591444020357,12.205567451820132,
245,Randwick,2020-10,100.0,15.0,3900.0,106.0,180.30584850455136,2468.0,7.53646677471637,92.45482866043614,3080.0,0.0,73776.0,4175.545896103896,-2.035623409669207,
246,Randwick,2020-11,100.0,16.0,3900.0,108.0,180.07107273331118,2430.0,7.325102880658436,92.51760939167556,3014.0,0.0,71788.0,4264.521897810219,-2.1428571428571463,
247,Randwick,2020-12,100.0,16.0,4171.0,110.0,191.06702800658977,2451.0,7.26234190126479,92.39956568946796,3038.0,0.0,75487.0,4625.980875576037,0.796284007962833,
248,Randwick,2021-01,100.0,18.0,4171.0,110.0,187.7238189626693,2434.0,7.189811010682005,92.37091503267973,3030.0,0.0,73355.0,4374.707920792079,-0.26333113890717463,
249,Randwick,2021-02,99.70443349753695,18.0,3900.0,110.0,181.3494889548302,2426.0,7.1723000824402305,92.1554347826087,3036.0,9.0,71572.0,4200.639328063241,0.1980198019801982,inf
250,Randwick,2021-03,99.66688874083944,18.0,3900.0,110.0,180.23151555704248,2396.0,7.053422370617696,92.14246424642464,2992.0,10.0,71636.0,4155.0611631016045,-1.449275362318836,11.111111111111116
251,Randwick,2021-04,99.49815991970559,15.0,3900.0,106.5,178.36835016835016,2383.0,6.882081409987411,92.07319757842598,2974.0,15.0,71459.0,4143.042367182246,-0.6016042780748632,50.0
252,Ryde,2020-05,100.0,20.0,2546.0,90.0,143.78969359331475,518.0,15.057915057915059,92.71544715447155,718.0,0.0,11781.0,2401.759052924791,,
253,Ryde,2020-06,100.0,20.0,2456.0,89.5,138.48250728862973,503.0,14.910536779324055,92.80810234541578,686.0,0.0,12042.0,2272.1574344023325,-4.456824512534818,
254,Ryde,2020-07,100.0,20.0,2711.0,90.0,173.1493288590604,438.0,14.15525114155251,92.62307692307692,596.0,0.0,10118.0,2990.2265100671143,-13.119533527696792,
255,Ryde,2020-08,100.0,16.0,829.0,79.0,98.89728464419476,413.0,14.043583535108958,92.77777777777777,534.0,0.0,9370.0,1686.5058801498128,-10.402684563758392,
256,Ryde,2020-09,100.0,16.0,829.0,80.0,100.02209731543624,463.0,14.47084233261339,92.81862745098039,596.0,0.0,10889.0,1762.0004865771812,11.610486891385774,
257,Ryde,2020-10,100.0,16.0,829.0,80.0,100.82764505119454,460.0,14.782608695652174,92.89851485148515,586.0,0.0,11534.0,1978.336518771331,-1.6778523489932917,
258,Ryde,2020-11,100.0,16.0,829.0,80.0,101.97418244406197,457.0,13.785557986870897,92.8457711442786,581.0,0.0,10715.0,1850.4629948364889,-0.8532423208191142,
259,Ryde,2020-12,100.0,16.0,1086.0,85.0,105.15449915110356,460.0,13.91304347826087,92.9066339066339,589.0,0.0,12363.0,2223.3429541595924,1.376936316695354,
260,Ryde,2021-01,100.0,14.0,2215.0,85.0,111.45819397993311,456.0,13.815789473684212,92.82716049382717,598.0,0.0,12604.0,2328.6170568561874,1.5280135823429575,
261,Ryde,2021-02,100.0,14.0,1746.0,86.5,110.04377104377105,453.0,13.245033112582782,92.54950495049505,594.0,0.0,11774.0,2149.104377104377,-0.6688963210702337,
262,Ryde,2021-03,100.0,14.0,2321.0,85.0,109.38500851788757,447.0,13.19910514541387,92.19047619047619,587.0,0.0,12112.0,2235.221465076661,-1.1784511784511786,
263,Ryde,2021-04,99.81981981981983,15.0,5000.0,85.0,116.64259927797833,427.0,13.817330210772832,92.84432717678101,554.0,1.0,11427.0,2499.6678700361012,-5.621805792163547,inf
264,Strathfield,2020-05,100.0,15.0,1000.0,69.5,123.42307692307692,157.0,8.9171974522293,88.54225352112677,208.0,0.0,3597.0,2077.1875,,
265,Strathfield,2020-06,100.0,16.0,999.0,69.0,122.03349282296651,156.0,8.333333333333332,88.45714285714286,209.0,0.0,3332.0,1404.4354066985645,0.48076923076922906,
266,Strathfield,2020-07,100.0,16.0,999.0,75.5,130.1931818181818,134.0,9.701492537313433,88.83471074380165,176.0,0.0,2616.0,1675.0625,-15.789473684210531,
267,Strathfield,2020-08,100.0,20.0,4567.0,70.0,133.18285714285713,134.0,8.208955223880597,88.475,175.0,0.0,2390.0,1173.3142857142857,-0.5681818181818232,
268,Strathfield,2020-09,100.0,20.0,4567.0,73.0,127.4967336683417,149.0,9.395973154362416,88.00757575757575,199.0,0.0,3258.0,1417.8505025125628,13.714285714285722,
269,Strathfield,2020-10,100.0,20.0,4567.0,70.0,127.1568556701031,145.0,9.655172413793103,88.456,194.0,0.0,3292.0,1447.8242268041238,-2.5125628140703515,
270,Strathfield,2020-11,100.0,20.0,4567.0,69.0,122.1639344262295,141.0,8.51063829787234,87.78151260504201,183.0,0.0,2769.0,1218.7868852459017,-5.670103092783507,
271,Strathfield,2020-12,100.0,20.0,4567.0,67.0,129.03389830508473,141.0,8.51063829787234,89.10619469026548,177.0,0.0,3108.0,1476.5988700564972,-3.2786885245901676,
272,Strathfield,2021-01,100.0,20.0,4567.0,69.5,127.84269662921348,141.0,8.51063829787234,88.90517241379311,178.0,0.0,3253.0,1882.758426966292,0.5649717514124353,
273,Strathfield,2021-02,100.0,20.0,4567.0,70.0,131.56741573033707,141.0,9.219858156028367,89.1875,178.0,0.0,2867.0,1441.612359550562,0.0,
274,Strathfield,2021-03,100.0,20.0,4567.0,70.0,130.5,141.0,9.219858156028367,89.42342342342343,176.0,0.0,2960.0,1458.2443181818182,-1.1235955056179803,
275,Strathfield,2021-04,99.43502824858757,20.0,4567.0,70.0,132.27272727272728,144.0,8.333333333333332,89.22608695652174,176.0,1.0,2998.0,1466.840909090909,0.0,inf
276,Sutherland Shire,2020-05,100.0,35.0,2440.0,144.5,213.36524822695034,486.0,24.074074074074073,95.10765550239235,564.0,0.0,10273.0,3858.4379432624114,,
277,Sutherland Shire,2020-06,100.0,34.0,2440.0,141.5,213.00919117647058,474.0,24.894514767932492,95.32762836185819,544.0,0.0,10612.0,4139.851102941177,-3.546099290780147,
278,Sutherland Shire,2020-07,100.0,35.0,2710.0,145.0,224.61875,425.0,24.941176470588236,95.59016393442623,480.0,0.0,9238.0,4280.558333333333,-11.764705882352944,
279,Sutherland Shire,2020-08,100.0,24.0,1500.0,132.5,199.15303347280334,426.0,26.525821596244132,95.92265193370166,478.0,0.0,9114.0,3879.599539748954,-0.4166666666666652,
280,Sutherland Shire,2020-09,100.0,24.0,1523.0,133.5,204.528,453.0,25.165562913907287,95.64490861618799,510.0,0.0,10479.0,4236.690372549019,6.694560669456062,
281,Sutherland Shire,2020-10,100.0,22.0,1500.0,135.0,209.99915187376726,448.0,25.44642857142857,95.61780104712042,507.0,0.0,10631.0,4527.985857988166,-0.588235294117645,
282,Sutherland Shire,2020-11,100.0,24.0,1500.0,135.5,216.45275590551182,449.0,25.16703786191537,95.64397905759162,508.0,0.0,10263.0,4519.163385826771,0.19723865877712132,
283,Sutherland Shire,2020-12,100.0,24.0,1669.0,148.0,236.44660194174756,454.0,25.770925110132158,95.7,515.0,0.0,12220.0,5712.073786407767,1.3779527559055094,
284,Sutherland Shire,2021-01,100.0,24.0,1741.0,147.0,235.37644787644788,452.0,26.10619469026549,95.8459595959596,518.0,0.0,11124.0,5060.635135135135,0.5825242718446644,
285,Sutherland Shire,2021-02,100.0,24.0,1988.0,140.5,224.33137254901962,447.0,25.95078299776286,95.78260869565217,510.0,0.0,10423.0,4621.754901960784,-1.5444015444015413,
286,Sutherland Shire,2021-03,100.0,24.0,1988.0,140.5,225.30078125,450.0,24.88888888888889,95.79434447300771,512.0,0.0,10597.0,4609.646484375,0.39215686274509665,
287,Sutherland Shire,2021-04,99.40828402366864,24.0,2143.0,150.0,232.23809523809524,441.0,25.396825396825395,95.68733850129199,504.0,3.0,10374.0,4635.011904761905,-1.5625,inf
288,Sydney,2020-05,100.0,0.0,5000.0,135.0,203.90997287711247,6262.0,12.567869690194827,92.2375,9593.0,0.0,191705.0,3510.2353799645575,,
289,Sydney,2020-06,100.0,0.0,5000.0,134.0,202.77815772600982,6185.0,12.449474535165724,92.36720788634386,9364.0,0.0,193943.0,3591.4848355403674,-2.3871573021995163,
290,Sydney,2020-07,100.0,0.0,5000.0,136.0,242.5444515715202,5219.0,12.78022609695344,92.45976194705987,7798.0,0.0,163251.0,4057.914593485509,-16.72362238359676,
291,Sydney,2020-08,100.0,11.0,5000.0,113.0,152.02222193074502,5210.0,13.032629558541267,92.60431400282886,7629.0,0.0,155021.0,2955.1709568750816,-2.1672223647088984,
292,Sydney,2020-09,100.0,11.0,5000.0,113.0,154.8103168972449,5842.0,11.845258473125641,92.64804469273743,8464.0,0.0,180121.0,3121.334496691871,10.94507799187312,
293,Sydney,2020-10,100.0,11.0,5000.0,115.0,155.14475405892966,5774.0,11.811569102874957,92.68335500650196,8323.0,0.0,185882.0,3351.911768593055,-1.6658790170132276,
294,Sydney,2020-11,100.0,11.0,5000.0,115.0,155.52109059787261,5728.0,11.80167597765363,92.65757525361717,8188.0,0.0,182866.0,3335.095261358085,-1.6220112940045661,
295,Sydney,2020-12,100.0,11.0,5000.0,120.0,166.69065374098932,5668.0,11.856033874382499,92.67316824966079,8056.0,0.0,196662.0,3854.5160129096325,-1.6121152906692693,
296,Sydney,2021-01,100.0,11.0,5000.0,120.0,179.72528552130663,5625.0,11.68,92.65037465940054,8153.0,0.0,191368.0,3900.13087207163,1.2040714995034785,
297,Sydney,2021-02,99.91330195689869,11.0,5000.0,120.0,173.7077075834678,5581.0,11.395807203010214,92.60620689655173,8067.0,7.0,185801.0,3710.198958720714,-1.0548264442536537,inf
298,Sydney,2021-03,99.82403217697336,11.0,5000.0,120.0,177.01399394856278,5538.0,11.249548573492236,92.54662715705072,7942.0,14.0,184755.0,3853.6628053387058,-1.5495227469939254,100.0
299,Sydney,2021-04,99.58831853853081,11.0,5000.0,120.0,169.9699987068408,5440.0,11.084558823529411,92.55920114122682,7741.0,32.0,185407.0,3854.1285363648108,-2.5308486527323093,128.57142857142856
300,The Hills Shire,2020-05,100.0,24.0,4014.0,80.0,158.69135802469137,259.0,21.62162162162162,93.42272727272727,325.0,0.0,4798.0,1838.8584615384616,,
301,The Hills Shire,2020-06,100.0,24.0,4013.0,80.0,157.32907348242813,250.0,20.4,92.80094786729858,314.0,0.0,4879.0,1878.9904458598726,-3.384615384615386,
302,The Hills Shire,2020-07,100.0,26.0,4012.0,85.0,241.38187702265373,238.0,21.84873949579832,93.055,310.0,0.0,4505.0,2255.4225806451614,-1.273885350318471,
303,The Hills Shire,2020-08,100.0,25.0,4650.0,79.0,163.55445544554456,244.0,20.901639344262296,92.98058252427184,304.0,0.0,4206.0,1602.2847368421053,-1.9354838709677469,
304,The Hills Shire,2020-09,100.0,21.0,4500.0,79.5,148.50268987341772,247.0,21.052631578947366,92.8169014084507,318.0,0.0,4774.0,1837.179182389937,4.6052631578947345,
305,The Hills Shire,2020-10,100.0,25.0,4500.0,75.0,149.0083012820513,242.0,20.66115702479339,92.70952380952382,314.0,0.0,4935.0,2338.1809872611466,-1.2578616352201255,
306,The Hills Shire,2020-11,100.0,25.0,4500.0,75.0,151.60526315789474,235.0,20.0,92.4952380952381,307.0,0.0,4399.0,1823.9348534201954,-2.2292993630573243,
307,The Hills Shire,2020-12,100.0,25.0,4500.0,74.5,164.66666666666666,227.0,19.823788546255507,92.39195979899498,296.0,0.0,5498.0,3026.175675675676,-3.583061889250816,
308,The Hills Shire,2021-01,100.0,25.0,4500.0,75.0,169.013468013468,225.0,19.555555555555557,92.4040404040404,299.0,0.0,5030.0,2571.799331103679,1.0135135135135087,
309,The Hills Shire,2021-02,100.0,25.0,4429.0,75.0,164.0307167235495,222.0,20.27027027027027,92.3061224489796,295.0,0.0,4900.0,2064.749152542373,-1.3377926421404673,
310,The Hills Shire,2021-03,99.65277777777779,25.0,4286.0,75.0,163.34736842105264,220.0,20.0,92.4041450777202,287.0,1.0,4621.0,1897.2543554006968,-2.7118644067796627,inf
311,The Hills Shire,2021-04,98.92086330935251,25.0,4950.0,74.0,171.09558823529412,213.0,19.248826291079812,92.55319148936171,275.0,3.0,4674.0,2013.52,-4.181184668989546,200.0
312,Waverley,2020-05,100.0,5.0,5000.0,150.0,237.60825958702065,4210.0,7.434679334916865,93.85334528076464,5091.0,0.0,120191.0,5252.627774504027,,
313,Waverley,2020-06,100.0,4.0,5000.0,150.0,236.90135512156237,4165.0,7.2749099639855945,93.91477100394297,5024.0,0.0,119400.0,5306.283837579618,-1.31604792771558,
314,Waverley,2020-07,100.0,14.0,5000.0,150.0,242.0959436482876,3475.0,7.338129496402877,93.90993673241533,4122.0,0.0,97589.0,5243.440805434255,-17.95382165605095,
315,Waverley,2020-08,100.0,14.0,4714.0,149.0,223.3286453143535,3518.0,7.2768618533257525,93.98802612481857,4218.0,0.0,98129.0,4886.820865339024,2.328966521106257,
316,Waverley,2020-09,100.0,5.0,4714.0,149.0,228.2241188651895,4000.0,6.8500000000000005,94.0444657709533,4832.0,0.0,116846.0,5230.375935430464,14.556661925082981,
317,Waverley,2020-10,100.0,5.0,4157.0,150.0,227.3233417349296,3968.0,6.804435483870967,94.07100977198697,4765.0,0.0,118461.0,5470.733823714586,-1.386589403973515,
318,Waverley,2020-11,100.0,5.0,4201.0,150.0,230.93434663289003,3964.0,6.760847628657922,94.0367816091954,4740.0,0.0,118042.0,5558.952953586498,-0.5246589716684125,
319,Waverley,2020-12,99.97917967936706,5.0,4429.0,150.0,251.53052719316526,4009.0,6.684958842604141,94.14938312770924,4802.0,1.0,123079.0,6096.935235318617,1.3080168776371304,inf
320,Waverley,2021-01,99.95815899581591,5.0,4136.0,150.0,246.01403141361257,3975.0,6.6415094339622645,94.13677204658902,4778.0,2.0,121074.0,5996.883842611972,-0.49979175343606297,100.0
321,Waverley,2021-02,99.91555837027654,5.0,4559.0,150.0,242.35652357792344,3945.0,6.565272496831433,94.10231465951023,4733.0,4.0,118825.0,5865.664483414325,-0.9418166596902422,100.0
322,Waverley,2021-03,99.91449337323643,5.0,4503.0,150.0,238.13209162920145,3908.0,6.320368474923234,94.12589559877175,4674.0,4.0,117787.0,5694.40650406504,-1.2465666596239156,0.0
323,Waverley,2021-04,99.63219385547382,5.0,4407.0,150.0,237.74641460234682,3856.0,6.3537344398340245,94.03342522398346,4605.0,17.0,116133.0,5728.372638436482,-1.4762516046213148,325.0
324,Willoughby,2020-05,100.0,26.0,2599.0,127.5,198.44128787878788,403.0,11.166253101736972,91.57344632768361,528.0,0.0,9205.0,3605.594696969697,,
325,Willoughby,2020-06,100.0,25.0,2600.0,122.0,195.9083969465649,401.0,10.224438902743142,91.82203389830508,524.0,0.0,9149.0,3505.6374045801526,-0.7575757575757569,
326,Willoughby,2020-07,100.0,22.0,2711.0,119.0,219.20529801324503,334.0,10.479041916167663,91.91,453.0,0.0,7516.0,3250.3222958057395,-13.54961832061069,
327,Willoughby,2020-08,100.0,24.0,2600.0,103.5,168.69006437768243,348.0,10.919540229885058,91.90384615384616,467.0,0.0,7843.0,2980.5308351177728,3.0905077262693093,
328,Willoughby,2020-09,100.0,19.0,2600.0,102.0,172.21714,376.0,11.170212765957446,91.9607250755287,501.0,0.0,8792.0,3188.4750698602793,7.280513918629561,
329,Willoughby,2020-10,100.0,24.0,5000.0,100.5,183.24857723577236,371.0,11.05121293800539,92.03086419753086,493.0,0.0,9741.0,4110.198782961461,-1.5968063872255467,
330,Willoughby,2020-11,100.0,24.0,5000.0,102.0,178.45661157024793,372.0,11.559139784946236,92.47115384615384,485.0,0.0,9212.0,3805.6268041237113,-1.6227180527383367,
331,Willoughby,2020-12,100.0,22.0,5000.0,114.0,188.2815734989648,375.0,11.733333333333333,92.33993399339934,485.0,0.0,10821.0,4323.488659793815,0.0,
332,Willoughby,2021-01,100.0,24.0,5000.0,110.0,189.11065573770492,373.0,11.528150134048257,92.47882736156352,490.0,0.0,10220.0,4208.812244897959,1.0309278350515427,
333,Willoughby,2021-02,99.79035639412997,24.0,5000.0,112.0,182.58736842105264,367.0,11.444141689373296,92.64724919093851,476.0,1.0,9474.0,3861.90756302521,-2.857142857142858,inf
334,Willoughby,2021-03,99.79123173277662,24.0,5000.0,110.0,184.74213836477986,366.0,11.475409836065573,92.56913183279742,478.0,1.0,9790.0,4015.686192468619,0.42016806722688926,0.0
335,Willoughby,2021-04,99.7872340425532,24.0,5000.0,110.0,187.56623931623932,358.0,10.893854748603351,92.29508196721312,469.0,1.0,9629.0,4036.7505330490403,-1.882845188284521,0.0
336,Woollahra,2020-05,100.0,23.0,5000.0,150.0,297.9481865284974,1281.0,8.508977361436378,93.54662698412699,1549.0,0.0,34279.0,5906.88766946417,,
337,Woollahra,2020-06,100.0,23.0,5000.0,150.0,300.4070385126162,1255.0,8.286852589641434,93.5295918367347,1510.0,0.0,34176.0,6004.447682119206,-2.517753389283406,
338,Woollahra,2020-07,100.0,27.0,5000.0,150.0,315.03223330775137,1080.0,8.518518518518519,93.65876777251185,1306.0,0.0,28902.0,6079.405053598775,-13.509933774834437,
339,Woollahra,2020-08,100.0,28.0,5000.0,150.0,294.46522433460075,1094.0,8.592321755027422,93.71362048894063,1318.0,0.0,28798.0,5946.208770864947,0.9188361408882129,
340,Woollahra,2020-09,100.0,20.0,5000.0,150.0,303.7098432174506,1216.0,7.894736842105263,93.71125265392782,1472.0,0.0,33244.0,6270.130332880434,11.684370257966625,
341,Woollahra,2020-10,100.0,20.0,5000.0,150.0,307.6460111576011,1198.0,7.846410684474124,93.72282608695652,1438.0,0.0,33774.0,6582.232872044507,-2.309782608695654,
342,Woollahra,2020-11,100.0,20.0,5000.0,150.0,291.97946175637395,1192.0,7.969798657718121,93.69137168141593,1415.0,0.0,33103.0,6332.563250883392,-1.599443671766343,
343,Woollahra,2020-12,100.0,25.0,5000.0,155.0,312.8757183908046,1172.0,7.764505119453926,93.7591743119266,1396.0,0.0,34094.0,6997.51217765043,-1.342756183745586,
344,Woollahra,2021-01,100.0,25.0,5000.0,150.0,305.8291276135544,1164.0,7.646048109965636,93.69839449541284,1390.0,0.0,33614.0,6632.197841726619,-0.42979942693409656,
345,Woollahra,2021-02,99.92764109985528,25.0,5000.0,152.0,312.8333333333333,1157.0,7.865168539325842,93.75288683602771,1381.0,1.0,32320.0,6266.18754525706,-0.6474820143884896,inf
346,Woollahra,2021-03,100.0,25.0,5000.0,150.0,309.2607742878013,1152.0,7.725694444444445,93.6934731934732,1370.0,0.0,32364.0,6112.837226277372,-0.7965242577842147,-100.0
347,Woollahra,2021-04,99.77134146341463,25.0,5000.0,151.0,318.12193251533745,1101.0,7.811080835603996,93.93040293040293,1309.0,3.0,31858.0,6563.271199388846,-4.45255474452555,inf
